MAV0,RMS0,VAR0,SSC0,WL0,ZC0,WAMP0,AR1C0,AR2C0,AR3C0,AR4C0,DELTAX0,DELTAY0,DELTAZ0,MAV1,RMS1,VAR1,SSC1,WL1,ZC1,WAMP1,AR1C1,AR2C1,AR3C1,AR4C1,DELTAX1,DELTAY1,DELTAZ1,MOTION,
41.9284,57.4866,3304.7088,38.9805,61308.7143,19.3500,57.4500,1.2998,-1.0480,0.7402,-0.4150,2.4891,1.0969,-1.8571,28.2431,38.5272,1484.3488,38.9890,37667.9007,12.5689,31.4472,1.2230,-0.8021,0.6672,-0.3952,-6.4197,-13.5255,1.4252,PR
38.5876,52.2522,2730.2878,40.4096,58303.1378,20.8896,57.0215,1.2635,-1.0226,0.7120,-0.4118,-2.5599,1.8832,-0.4172,25.2938,33.6136,1129.8746,40.1594,35949.8398,12.7617,28.3151,1.1377,-0.7304,0.6414,-0.3870,2.4762,-3.6885,-1.6506,PR
38.6655,53.9322,2908.6776,39.6104,56738.5445,19.9900,56.2719,1.2890,-1.0010,0.7019,-0.4119,-3.6020,2.4788,-0.0678,21.9455,28.7574,826.9856,40.2903,34635.3766,12.9695,26.7902,1.0628,-0.7262,0.5909,-0.3403,2.0509,-0.8501,-1.9117,PR
39.0148,50.5004,2550.2927,40.8570,63963.5776,22.7318,61.3161,1.1128,-0.8576,0.5424,-0.3507,2.3052,-0.8439,-0.2192,25.3572,32.8219,1077.2646,42.8357,44227.1414,19.4306,38.6114,0.9640,-0.6949,0.5336,-0.3069,-2.2738,-0.9543,0.0613,PR
38.0615,50.4877,2549.0087,41.0065,63045.3172,22.5823,58.9232,1.1159,-0.8679,0.5384,-0.3255,0.3148,-0.0672,-0.4604,26.6660,35.6726,1272.5331,40.9885,44499.0211,17.7822,37.9620,1.0530,-0.7517,0.5726,-0.3020,1.0154,0.4327,-0.0767,PR
50.2464,65.6466,4309.4787,38.0810,75682.0670,21.2500,66.2500,1.2560,-1.0305,0.6829,-0.3939,-2.9849,1.6726,0.1093,32.0652,42.6338,1817.6367,39.3410,44575.0551,13.7363,36.7133,1.2132,-0.8579,0.6856,-0.3696,-1.7581,-8.0952,-1.6069,PR
47.1189,61.2591,3752.6677,38.9558,68741.4921,20.9442,63.0839,1.2694,-1.0390,0.7205,-0.4313,-1.0869,0.5510,-0.3011,26.7244,34.7913,1210.4372,41.0884,39901.9624,14.8352,33.2667,1.1145,-0.7467,0.6462,-0.3789,1.4106,0.2559,-0.4777,PR
30.4507,46.0172,2117.5768,40.1902,53658.9647,17.7266,44.6169,1.1408,-0.9618,0.6359,-0.3457,27.9897,-0.5410,-7.1117,33.6233,45.8269,2100.0979,36.1872,51504.1058,15.7371,39.4422,1.1068,-0.8309,0.7215,-0.3804,-88.2730,-14.5466,-22.6798,PR
38.2112,51.1450,2615.8007,40.7444,65767.5338,23.8332,61.3208,1.1767,-0.9796,0.6352,-0.3262,-3.3162,2.4041,-1.0667,40.9143,52.2573,2730.7723,43.2948,62577.5342,21.2563,54.4724,1.1024,-0.7999,0.6779,-0.3450,2.8243,-12.8230,-1.8660,PR
34.6671,46.4856,2160.9000,40.8387,59911.9139,24.4256,59.2408,1.1554,-0.9491,0.6293,-0.3338,-1.1044,0.7219,1.1378,37.8281,48.4501,2347.3703,42.0181,57972.8414,20.2913,50.7785,1.0848,-0.7773,0.6557,-0.3407,2.8256,-4.5219,-0.7814,PR
35.7445,48.6664,2368.4050,39.7404,57644.0419,22.7772,58.0420,1.2054,-0.9355,0.6244,-0.3609,-0.4431,0.3914,0.5391,32.8268,43.0096,1849.8085,40.8133,48812.4478,19.1863,43.7971,1.1326,-0.7798,0.6454,-0.3546,2.5038,4.6338,-1.0420,PR
35.1454,46.6557,2176.7469,38.5921,54598.2799,20.7293,56.0440,1.2301,-0.9670,0.6448,-0.4009,0.9956,-0.3199,-0.7736,27.4859,36.0377,1298.6420,39.5068,40579.1198,16.9184,35.4481,1.1435,-0.8015,0.6566,-0.3513,-0.4034,6.2885,-0.4999,PR
24.8946,31.6526,1001.8827,41.8164,40588.7291,18.4723,43.2351,1.0915,-0.8138,0.6288,-0.3515,-3.5103,2.4529,0.9018,31.9873,40.9115,1673.7479,41.9371,47930.8076,18.3317,40.0599,1.0741,-0.7405,0.6686,-0.3864,3.7159,-2.3846,-1.6543,PR
26.6471,33.6502,1132.3297,40.9453,42590.4329,18.2678,46.3415,1.1464,-0.8778,0.6291,-0.3392,-0.5421,0.7481,0.1822,29.5509,37.9186,1437.8133,42.1500,46040.7328,17.7089,39.2196,1.0639,-0.7557,0.6599,-0.3744,2.0611,-0.0226,-0.2498,PR
33.5259,43.8739,1924.9133,30.7922,32271.2745,9.8704,32.7517,1.4535,-0.9689,0.7143,-0.3870,-8.5683,1.3344,2.2650,33.7695,43.8177,1919.9934,42.5150,52851.8343,17.5237,43.8342,1.0676,-0.7683,0.6326,-0.2945,5.1597,-4.4843,5.8104,SU
25.3841,32.4258,1051.4284,29.9000,27125.9133,9.1546,25.9630,1.3813,-0.9162,0.6674,-0.3615,-0.2331,0.6014,-0.3154,28.5826,36.0592,1300.2660,40.1299,40058.7751,14.1500,34.5500,1.1397,-0.7610,0.6579,-0.3556,-0.0934,-2.3528,0.0415,SU
28.2948,39.2869,1543.4571,35.5355,33188.0391,11.2168,33.1497,1.3886,-1.0042,0.7686,-0.3614,-7.9634,1.2749,0.5660,37.3798,49.8071,2480.7445,46.3964,71519.1726,25.1377,55.4331,0.9324,-0.8091,0.5872,-0.2825,8.1412,-1.2836,3.2982,SU
19.4395,24.9744,623.7183,36.0459,25911.9978,9.4905,23.2767,1.2628,-0.8989,0.7027,-0.3302,0.5237,-0.8372,-0.3051,27.6870,35.1300,1234.1183,43.4631,48427.4305,20.9685,42.1368,0.9992,-0.7589,0.5702,-0.2654,-0.2626,-1.0619,-1.0179,SU
29.0143,39.8341,1586.7546,36.7000,36077.0989,13.1066,36.3682,1.3465,-0.9706,0.7601,-0.3657,-40.3423,15.3324,2.9690,41.5830,55.0049,3025.5363,45.6088,79397.8830,25.3120,57.3140,0.9569,-0.8319,0.6118,-0.3034,76.7871,-15.3734,21.3453,SU
26.6319,35.6282,1269.2142,35.5467,33485.1835,12.8372,34.2657,1.3061,-0.9206,0.7300,-0.3572,-1.8273,-0.4872,-0.0707,41.2059,53.7947,2893.8650,45.1774,74314.6198,23.7000,55.9500,0.9760,-0.7896,0.5775,-0.3029,-0.0979,1.1192,0.3955,SU
20.2415,26.9860,728.2431,38.4036,31834.0042,14.6660,31.8935,1.1527,-0.8648,0.6033,-0.2741,-37.6287,21.0281,-1.1820,48.5970,66.6678,4444.5838,43.4652,93394.1334,26.0521,61.4729,0.9912,-0.9290,0.5524,-0.3035,73.8008,-14.5923,25.1289,SU
17.7820,24.6747,608.8389,36.2043,26371.1356,12.5752,24.6994,1.2077,-0.8526,0.6825,-0.3120,-0.0942,-0.1997,-0.0066,44.9462,59.3209,3518.9652,43.3915,82825.8324,24.6008,60.3293,1.0797,-0.9889,0.6239,-0.3262,-2.5819,-0.9783,-0.8938,SU
18.1874,24.9137,620.6888,35.8000,26426.6915,12.2561,24.2121,1.2521,-0.9120,0.6971,-0.3122,-0.4848,0.0424,0.0890,43.4673,58.0784,3373.0907,42.0659,79390.9353,24.8627,59.4608,1.0961,-1.0094,0.6461,-0.3416,-0.9855,-0.6971,-0.0038,SU
14.4229,19.7633,390.5892,32.0200,26636.9017,13.3234,24.7505,1.0145,-0.8646,0.5403,-0.3069,-50.7099,20.1023,-0.1017,37.1875,51.6175,2664.3656,38.7000,70909.4624,21.8609,48.1241,0.9552,-0.9083,0.5517,-0.2854,88.0791,-13.2964,22.5417,SU
14.8885,19.2684,371.2708,35.0500,26183.1813,13.6568,23.7119,1.0209,-0.8278,0.5538,-0.2781,-4.0400,-0.1190,0.2626,40.4417,54.1858,2936.0819,42.5150,75746.1705,23.8642,55.0674,0.9892,-0.9096,0.5819,-0.2882,1.7589,-0.1625,2.2360,SU
11.9725,15.4524,238.7753,33.7824,20038.9196,8.0879,13.4299,1.0771,-0.8120,0.5727,-0.2917,-0.4325,0.2207,0.1631,28.4080,38.4677,1479.7503,39.3924,48657.0868,17.6881,38.4155,1.0989,-0.9412,0.6382,-0.2964,-1.9044,0.5705,0.9675,SU
47.8304,66.2007,4382.4942,38.4500,70769.7563,19.3097,58.1791,1.2755,-1.0240,0.6545,-0.3742,-2.4438,-0.1392,-0.5292,64.4264,91.2783,8331.6568,30.8463,73671.9716,12.8758,51.4529,1.5984,-1.3429,0.8444,-0.4097,11.4867,58.9435,6.5905,HC
59.0310,75.0589,5633.8173,37.7246,84873.0018,21.1183,71.2931,1.3341,-1.0970,0.7287,-0.3927,-1.0089,0.9151,-0.0526,73.8224,97.4808,9502.4949,32.4838,84365.4639,15.5000,61.2000,1.5549,-1.2564,0.7763,-0.3945,0.2834,-0.7487,-0.0157,HC
55.1800,70.7224,5001.6107,38.0261,79109.4149,20.7519,68.9223,1.3353,-1.0874,0.7291,-0.3899,-0.3178,0.5518,-0.1020,60.4206,78.9325,6230.3309,33.4502,69482.0901,15.5812,55.9619,1.5316,-1.2088,0.7449,-0.3716,0.4044,-0.9917,-0.6470,HC
35.6308,55.0735,3033.0761,36.9815,56597.5968,15.3500,43.4000,1.2244,-1.0233,0.6655,-0.4062,-4.3317,0.1642,-0.5930,54.5434,81.1759,6589.5209,28.7932,61428.3419,11.3727,43.0862,1.5808,-1.2656,0.7726,-0.3640,12.9792,56.9549,4.6523,HC
49.7007,64.7002,4186.1061,37.5752,73143.6789,21.3534,64.7619,1.2728,-1.0581,0.6997,-0.4113,-2.2531,0.4281,-0.2590,61.0506,84.2213,7092.9581,32.7354,72830.5917,15.4038,55.9821,1.5378,-1.2297,0.7638,-0.3693,7.5856,11.0737,2.0116,HC
39.5495,51.0264,2603.6671,38.0359,55524.4559,19.6509,56.9077,1.3584,-1.1077,0.7523,-0.4133,-0.1147,0.4953,0.0659,40.7925,52.3365,2739.1040,33.4166,52297.4997,15.0925,46.7766,1.4616,-1.1912,0.7992,-0.3910,0.2068,-0.8333,-0.4587,HC
38.6588,50.6901,2569.4845,36.0220,54481.5871,18.3960,55.0376,1.3709,-1.1223,0.7548,-0.4172,-0.1038,0.3337,-0.1028,38.5881,49.3696,2437.3011,30.7962,48531.5421,14.0782,43.6373,1.4740,-1.1864,0.7564,-0.3712,0.3997,-0.4967,-0.3853,HC
41.3269,55.6606,3098.1018,37.9760,61494.4062,19.7494,58.9474,1.2906,-1.0177,0.6380,-0.3524,-4.0375,0.7370,-0.5426,72.8003,103.3799,10687.3945,31.6633,83073.9390,15.1880,58.9975,1.6308,-1.3822,0.8612,-0.4087,9.9867,51.6823,7.8488,HC
45.4298,57.7652,3336.8122,36.2281,46031.2479,18.1582,59.7276,1.3808,-1.0690,0.6920,-0.3707,0.0659,0.2732,0.0689,47.6228,61.7142,3808.5932,35.2711,42777.5768,14.0523,49.0850,1.5102,-1.1901,0.7736,-0.3830,-0.0663,-1.0137,-0.0304,HC
53.9647,68.8957,4746.6085,40.0299,77543.9458,20.8479,66.2843,1.3169,-1.0705,0.7270,-0.4119,-3.3738,0.2310,-0.1053,85.8202,111.9768,12538.8096,33.5500,102959.3878,16.6083,68.8844,1.5721,-1.3387,0.8457,-0.4188,7.5552,12.6707,4.1207,HC
48.2944,62.1175,3858.5872,38.0619,67667.7211,19.8401,61.4193,1.3412,-1.0931,0.7218,-0.4124,-0.5398,0.4656,0.0100,71.8454,94.1751,8868.9341,33.6168,83847.6230,16.4665,62.0621,1.5439,-1.2759,0.8379,-0.4318,0.4761,-1.0435,-0.0513,HC
26.7983,40.9718,1678.6853,39.3072,43244.6614,15.8714,38.9754,1.1681,-0.8781,0.5944,-0.3564,-4.1685,-0.1299,-0.6257,55.7696,77.0224,5932.4374,32.3500,65390.8945,14.1071,49.5748,1.5245,-1.2241,0.8157,-0.4227,9.5865,43.0973,7.0181,HC
44.4300,57.2785,3280.8272,38.4116,65768.8393,20.9895,63.9680,1.2531,-0.9637,0.6413,-0.3678,-3.5365,0.0509,-0.5729,65.6426,84.4720,7135.5096,33.3667,77021.8456,16.9670,62.0120,1.5095,-1.2023,0.7876,-0.4161,0.1955,-0.9392,-0.7853,HC
44.2006,56.6648,3210.9013,37.7237,64218.8685,20.4873,62.8543,1.3087,-1.0352,0.6719,-0.3701,-0.7783,0.4407,0.0723,58.6532,75.7743,5741.7110,32.2161,67098.4276,15.6657,56.3564,1.5334,-1.2190,0.7866,-0.3956,0.2315,-0.8557,-0.3939,HC
78.6543,113.2300,12821.0352,37.7123,126662.6263,22.7886,72.6637,1.3251,-1.1908,0.5990,-0.2883,-2.8769,2.3087,-1.0424,53.8772,69.9035,4886.4786,32.0641,64764.1768,14.9875,53.6341,1.5071,-1.1974,0.7493,-0.3472,-1.5389,-31.0053,3.9169,HO
75.0691,105.3231,11092.9617,38.3616,121751.9414,23.8381,74.1629,1.2807,-1.1167,0.5258,-0.2588,-0.5648,0.0087,-0.0661,56.9022,70.6038,4984.7626,33.5500,68020.8581,16.1581,58.0790,1.4899,-1.1692,0.7370,-0.3505,3.9673,-2.0696,0.2895,HO
69.0695,95.7758,9172.5552,37.1745,98522.2769,23.4479,74.3902,1.2901,-1.0984,0.5339,-0.2661,-1.0022,0.0438,-0.2068,58.1522,73.7261,5434.4241,33.7966,59315.8181,15.3504,56.3960,1.5211,-1.1860,0.7742,-0.3748,2.8942,2.1173,0.0022,HO
64.0807,86.6774,7512.9634,36.9154,100059.5061,24.2907,73.2205,1.2750,-1.0398,0.5395,-0.2864,-0.2328,-0.0907,-0.0874,53.3711,68.5204,4695.0497,34.5000,64304.6169,16.2081,56.8284,1.5273,-1.2269,0.7907,-0.3792,2.3796,0.4572,0.1204,HO
55.9137,84.8835,7205.2168,36.6817,89438.5835,22.1500,68.1500,0.8068,-0.5916,0.4115,-0.3733,-0.5129,0.0574,-0.0743,50.6791,65.2686,4259.9861,32.4351,56118.4046,13.7294,49.4758,1.5262,-1.1767,0.7793,-0.3754,4.1258,-0.7899,-0.0010,HO
64.3233,87.2231,7607.7482,36.2224,102149.9324,23.5088,71.9799,1.3063,-1.1311,0.5787,-0.2655,-3.1550,2.2957,-0.7912,52.8874,69.2633,4797.4060,34.5846,61684.4275,15.0726,53.0796,1.5310,-1.2013,0.7430,-0.3587,2.2420,-25.7012,3.7770,HO
43.6803,62.9338,3960.6530,35.1473,68434.2994,18.4815,55.0949,1.2980,-1.0956,0.5239,-0.2805,-2.0503,2.2225,-0.6425,28.7747,38.2156,1460.4346,29.3647,35677.6780,9.1091,28.5786,1.4463,-1.1397,0.7446,-0.3367,-0.6318,-32.2229,5.1234,HO
49.3780,68.7904,4732.1145,36.3045,76690.1422,20.9419,61.9238,1.3199,-1.1427,0.5737,-0.2991,-0.6943,0.3619,-0.2001,38.1824,48.1032,2313.9190,34.2184,49319.6211,14.3860,45.2130,1.4217,-1.1218,0.7307,-0.3548,-0.6211,-17.8447,3.6850,HO
46.5358,65.6935,4315.6243,35.4000,73417.4668,21.1606,60.5803,1.3284,-1.1659,0.5809,-0.2899,-0.5523,0.2201,-0.0984,37.5092,47.7993,2284.7754,34.1671,48183.5495,14.5145,42.4424,1.3980,-1.0877,0.7212,-0.3683,2.7768,0.0088,0.5577,HO
47.5564,67.9094,4611.6885,34.3000,74557.0456,19.4097,56.2781,1.2972,-1.1214,0.5684,-0.2814,-2.8202,2.5941,-0.4071,36.9712,48.4741,2349.7406,32.2306,46330.3414,13.3400,40.4714,1.4568,-1.1679,0.7807,-0.3835,3.7663,-30.4608,5.2325,HO
50.1989,68.0818,4635.1113,35.5611,81758.6363,22.4551,65.3693,1.2802,-1.1178,0.5521,-0.2821,-0.5900,0.1679,-0.1978,34.6492,43.9359,1930.3614,34.1317,47809.9805,16.5252,44.2336,1.3657,-1.0856,0.7310,-0.3785,4.1218,0.4339,0.9979,HO
44.3693,61.0559,3727.7924,36.8000,73029.9671,22.5113,62.3812,1.3012,-1.1382,0.5572,-0.2916,-0.5180,0.2145,-0.0810,32.9475,42.0390,1767.2744,32.9323,44439.2577,15.3962,41.2738,1.3834,-1.0881,0.7108,-0.3478,4.2020,0.7311,0.4007,HO
45.3474,62.0086,3845.0705,35.5210,70594.1316,20.8020,59.2982,1.3098,-1.1180,0.5511,-0.2891,-0.4301,0.2259,-0.1090,33.1782,42.6964,1822.9599,32.9676,45400.1427,14.7705,41.1178,1.3738,-1.0820,0.7279,-0.3718,2.4076,0.2231,0.2031,HO
35.7695,50.4938,2549.6233,34.7870,55877.3265,17.7031,47.6429,1.3481,-1.2105,0.7319,-0.3874,-1.3205,0.4530,-1.7342,178.8239,263.5783,69473.4995,32.5289,233932.2484,18.3602,73.8934,1.5172,-1.3105,0.7778,-0.3755,-10.3645,-116.3261,-3.1284,WE
53.4909,70.0335,4904.6931,34.8697,75671.5957,20.8521,66.0652,1.4987,-1.3278,0.8032,-0.3544,-2.4281,-0.0149,-0.8478,217.9293,286.5303,82099.5577,34.2013,294733.5154,22.2445,89.2285,1.4848,-1.2577,0.7121,-0.3391,3.0928,-3.5044,-0.5653,WE
49.2875,66.4423,4414.5754,34.2942,67678.3043,18.5977,61.4122,1.5461,-1.3513,0.7991,-0.3395,-0.1000,0.1926,-0.2982,179.9521,231.5388,53609.8687,32.8016,240116.8934,21.2968,86.9327,1.4875,-1.2516,0.6907,-0.3445,0.5826,1.6129,0.6206,WE
36.3536,48.8154,2382.9427,34.3750,56709.6692,19.3052,53.4988,1.3691,-1.2437,0.7280,-0.3695,-0.3981,-0.8760,-1.8278,190.1524,255.7542,65410.1912,32.2051,261717.6803,19.7211,82.8187,1.4619,-1.2563,0.7027,-0.3500,-10.2826,-92.1102,-10.0033,WE
31.9463,40.9987,1680.8818,33.3832,47996.8586,19.7703,50.1747,1.3390,-1.1531,0.6768,-0.3565,-0.5375,0.6627,-0.0940,168.7424,215.8920,46608.8579,32.1251,231494.1861,20.2186,85.9414,1.4421,-1.1923,0.6422,-0.3176,1.6925,1.9788,-0.6627,WE
26.5189,33.8868,1148.3132,32.2854,39694.7482,17.7733,41.8872,1.3160,-1.1151,0.6765,-0.3690,-0.2689,0.3703,-0.1378,142.4501,185.3904,34369.5968,32.8336,190990.7436,19.3500,83.1000,1.4420,-1.1741,0.6395,-0.3252,1.8324,1.7028,0.2786,WE
24.9460,33.1169,1096.7260,31.5369,36298.7947,14.8278,37.1942,1.3530,-1.1167,0.6712,-0.3601,-0.3697,0.4425,-0.0765,136.4107,186.4239,34753.6141,30.9335,172042.0394,17.8341,80.3775,1.5925,-1.3438,0.7280,-0.3197,0.9975,1.7440,-0.0968,WE
36.0388,46.3940,2152.4020,33.8693,51285.4674,19.0045,53.6450,1.3924,-1.1580,0.6817,-0.3333,-0.1139,0.3111,-0.3443,140.3141,177.9884,31679.8550,33.5828,187216.0614,18.4723,82.6760,1.4473,-1.2003,0.6598,-0.3241,-0.3333,2.2078,0.7983,WE
41.4834,56.6332,3207.3141,33.3937,69449.4892,19.3563,55.8477,1.4090,-1.2725,0.7661,-0.3780,-0.9689,0.2126,-1.5371,214.3140,299.2500,89550.5342,30.4170,314572.5897,18.8662,80.9524,1.4893,-1.2604,0.6835,-0.3445,-11.6507,-110.9053,-10.7026,WE
42.0301,54.4699,2966.9690,35.4323,64932.2739,22.0000,60.9500,1.3854,-1.2351,0.7049,-0.3354,-0.9683,0.6462,-0.4385,214.9229,290.2748,84259.4362,32.4365,290377.7640,20.5882,89.3320,1.4975,-1.2549,0.6636,-0.3143,0.1468,1.0046,-1.4093,WE
33.2082,43.1497,1861.8941,34.6847,50345.0458,19.2789,50.6259,1.3381,-1.1337,0.6347,-0.3119,-0.4147,0.7487,-0.2940,161.3475,212.0559,44967.7042,33.2335,216653.3329,19.9700,85.3719,1.4593,-1.1899,0.6381,-0.3099,-0.1683,1.8247,-0.6091,WE
53.2896,74.7761,5591.4665,32.9311,74031.8287,19.5171,63.4809,1.5896,-1.4391,0.8451,-0.3605,-0.5635,0.1014,-1.3966,175.8292,236.9581,56149.1054,33.4168,243680.2538,20.4511,83.8095,1.4863,-1.2936,0.7252,-0.3466,-6.9400,-67.5169,-8.2228,WE
49.1623,66.6383,4440.6607,32.9995,67807.1824,19.5892,63.1263,1.5309,-1.3483,0.7918,-0.3717,-0.0105,0.4492,-0.1373,155.4633,204.6275,41872.4048,34.3186,215217.9317,21.4035,85.0125,1.4423,-1.2201,0.6754,-0.3484,-0.1883,1.8554,-0.2573,WE
33.8425,44.7032,1998.3745,34.1159,48541.9157,18.0910,49.8251,1.4111,-1.2043,0.7241,-0.3659,-0.9835,0.5242,-0.0311,127.7728,166.7670,27811.2253,34.1035,171490.5855,21.1558,81.4573,1.4468,-1.2073,0.6751,-0.3542,0.1826,2.8704,-0.5569,WE
24.7702,31.7596,1008.6702,33.8864,36057.2929,15.0905,37.1227,1.2996,-1.0550,0.6365,-0.3406,-0.6985,0.5009,-0.2562,112.7282,147.4577,21743.7474,33.2669,151744.8684,20.6776,78.8739,1.4666,-1.2089,0.6610,-0.3131,0.3897,2.5222,0.2285,WE
271.7224,385.4701,148587.0616,41.7000,479491.9376,25.4127,85.6428,1.0067,-0.8533,0.5319,-0.3790,-13.7291,-1.4622,0.6288,48.1775,66.1142,4371.0831,39.4394,97738.7350,26.3896,58.6880,0.9778,-1.0754,0.6310,-0.3253,12.0032,96.6688,-6.0074,WF
301.5289,388.8262,151185.7863,44.1162,552130.9777,29.3086,95.7916,0.9827,-0.8571,0.4791,-0.3482,-3.5433,-5.4552,-3.2509,48.7659,64.2235,4124.6483,44.8430,106256.5846,32.5523,68.8435,0.8754,-1.0359,0.5474,-0.3390,1.0715,10.4480,2.0054,WF
243.0175,312.6074,97723.3969,43.0424,428004.0877,28.0439,95.2096,1.1039,-0.9477,0.5412,-0.3399,-1.3122,-0.0021,-0.3941,34.3199,44.3714,1968.8157,44.3560,69896.5569,28.0100,56.2189,0.8944,-0.8942,0.5073,-0.3414,1.7524,2.4201,1.2133,WF
215.0560,280.3611,78602.3323,41.1794,367660.9733,27.0500,92.7500,1.1473,-0.9985,0.5893,-0.3813,0.2930,0.5104,-0.3068,28.8567,37.2787,1389.7023,43.5194,57057.5064,24.7880,48.1796,0.9184,-0.8681,0.5345,-0.3536,1.7816,-0.4029,1.1152,WF
266.6358,376.0934,141446.2299,41.8744,474238.0107,26.2843,85.7855,1.0358,-0.8997,0.5677,-0.3967,-16.6490,3.0902,1.8613,40.7708,55.6238,3094.0023,39.8000,82759.1377,26.4132,56.4282,1.0380,-1.0721,0.6850,-0.3428,10.0052,98.1494,2.5658,WF
248.8274,331.4328,109847.6540,43.5347,464200.0598,30.2697,93.4066,0.9788,-0.8630,0.5106,-0.3993,-0.8808,-1.8175,-2.7454,36.1326,47.1065,2219.0114,44.2664,80047.9254,31.1623,61.4729,0.8363,-0.9946,0.5543,-0.3961,0.6048,0.7611,0.7504,WF
183.9088,240.3533,57769.6797,41.4243,326605.7372,28.7005,90.7677,1.0721,-0.9499,0.5197,-0.3575,-0.1999,0.3798,-0.8644,28.8520,37.0865,1375.3673,44.9900,60388.8444,28.1704,52.9323,0.8897,-0.8935,0.5314,-0.3354,2.5754,-0.2194,0.6320,WF
232.9831,342.0079,116969.4056,43.7281,420590.8046,26.0500,84.7500,0.9174,-0.7606,0.5079,-0.4280,-11.7785,-0.4984,0.8753,40.7218,53.5858,2871.4390,39.6715,77864.2198,24.5518,57.0219,1.0367,-1.0001,0.5993,-0.3336,7.5299,87.4921,-8.5617,WF
229.1389,309.9888,96093.0263,45.0980,422298.7623,28.8229,93.6117,0.8548,-0.7084,0.4432,-0.4035,-1.2086,-0.1254,-1.0420,36.2068,47.3468,2241.7165,43.1864,74312.8785,27.6190,58.9975,0.9113,-0.9623,0.5327,-0.3699,-0.5969,3.0555,1.1804,WF
172.8795,228.0673,52014.6684,40.8225,300389.6906,27.5966,90.7175,1.0909,-0.9185,0.4823,-0.3365,-0.5441,0.4138,-0.3233,26.7316,34.2320,1171.8293,42.9359,55485.5462,26.1654,49.8246,0.9056,-0.9221,0.5141,-0.3356,2.0686,0.0928,1.1059,WF
149.3228,201.4959,40600.5980,40.4595,259137.9721,27.0865,88.6557,1.1463,-0.9881,0.5449,-0.3631,-0.2679,0.3312,-0.2906,23.7501,30.1817,910.9327,41.7456,49826.4221,26.0479,46.2575,0.9196,-0.9449,0.5171,-0.3090,1.3535,-0.0322,0.5105,WF
255.5166,327.9956,107581.0793,41.5292,454889.3974,29.3000,93.4500,1.0704,-0.9567,0.5765,-0.4066,-9.1869,-1.5177,-0.4896,41.6007,54.2092,2938.6234,43.9280,83080.6277,29.6500,63.0500,1.0584,-1.0339,0.6596,-0.3305,17.6553,62.9554,-7.4107,WF
226.5741,292.2626,85417.4313,40.9975,410534.2799,29.8902,93.2635,1.0339,-0.9196,0.4854,-0.3592,-0.5924,0.4739,-0.6949,33.0186,42.4319,1800.4673,45.2357,69537.9149,29.6538,57.7521,0.9240,-0.9544,0.5756,-0.3367,2.2720,1.5881,0.1013,WF
182.3922,243.3905,59238.8944,41.8291,329812.5097,28.4000,91.5000,1.0394,-0.9228,0.4758,-0.3483,-0.1951,0.3263,-0.3499,29.8036,37.7815,1427.4428,43.9780,58414.5856,25.6000,51.4000,0.9863,-0.9091,0.5772,-0.2871,2.4523,-0.0065,0.5470,WF
232.4284,320.1606,102502.7687,40.1709,404473.3993,27.5654,91.8008,1.0495,-0.9103,0.5312,-0.3936,-14.4177,1.7904,0.7437,47.2641,63.9029,4083.5649,41.1294,79434.0423,23.8500,61.5500,1.3297,-1.2122,0.8627,-0.3771,20.7505,83.1431,-2.1992,WF
191.7679,254.7006,64872.3956,41.9451,340265.1026,27.9441,91.7665,1.0532,-0.8851,0.5066,-0.3596,0.4030,-0.7447,-0.7710,38.3112,49.5666,2456.8414,41.0115,65668.7691,22.9459,55.6112,1.2260,-1.0904,0.7464,-0.3225,3.9200,3.0933,0.2437,WF
165.4003,217.4543,47286.2743,41.1794,285326.2474,27.6000,90.7500,1.1149,-0.9559,0.5123,-0.3309,-0.2351,0.1794,-0.4186,35.5449,44.8125,2008.0730,38.9084,55345.0723,19.6393,49.3487,1.2223,-0.9911,0.6714,-0.3088,1.6049,-0.1669,0.3487,WF
36.4228,47.7121,2276.4450,43.5020,63944.7109,23.6228,59.2060,0.9347,-0.6379,0.4799,-0.3602,-0.7035,-19.5888,64.9143,30.8512,40.4543,1636.5419,27.4539,32568.2469,7.7767,23.3300,1.5682,-1.2238,0.8121,-0.4020,-30.4891,-9.0920,61.0014,EF
40.7212,52.4166,2747.4919,47.6640,76407.2978,28.0457,68.3739,0.8683,-0.6065,0.4803,-0.3804,0.2084,-0.9284,4.4141,21.4930,28.8524,832.4636,28.0719,26963.0709,6.9965,16.3918,1.4301,-1.0928,0.6948,-0.3544,-2.3996,-0.4229,3.7360,EF
39.2253,50.1057,2510.5775,49.3519,76373.6781,29.2269,69.0773,0.8390,-0.6239,0.4859,-0.3876,0.4474,0.8103,-0.1478,15.6013,20.0366,401.4656,27.2228,22077.5200,5.9970,10.8446,1.2436,-0.9248,0.6051,-0.3588,0.9797,-0.6473,0.1510,EF
39.1026,49.9398,2493.9753,49.6510,76311.2461,28.9776,68.6783,0.8236,-0.5894,0.4389,-0.3606,-0.6695,0.7408,-0.0201,13.9847,17.7560,315.2748,27.0906,20115.9944,4.3587,7.7154,1.2193,-0.9021,0.6070,-0.3517,0.5757,-0.4978,-0.1127,EF
42.0879,61.7489,3812.9284,40.9975,61035.8344,17.3653,51.7465,1.0549,-0.5957,0.5105,-0.3649,-16.2207,-20.6574,81.0718,54.1779,74.8689,5605.3486,23.6763,50178.8356,10.1949,40.9295,1.7579,-1.4761,0.9505,-0.4292,-36.9981,-19.3807,74.5237,EF
71.3486,92.1310,8488.0721,47.2919,134078.7623,28.8510,79.5283,0.7477,-0.4526,0.4296,-0.3426,-5.3783,-14.1312,50.0349,43.2879,58.1121,3376.9964,28.1375,46670.0727,11.6592,39.6612,1.6037,-1.2926,0.8396,-0.3966,-15.9240,-9.3224,39.5817,EF
78.4711,99.9187,9983.7236,53.7500,178117.4921,36.6683,87.2436,0.5851,-0.4893,0.3595,-0.3187,0.5210,0.5397,-0.0013,27.6873,35.7095,1275.1221,28.5786,33715.0539,9.4642,26.8903,1.4320,-1.0936,0.7093,-0.3791,0.1247,0.0659,1.1728,EF
78.2855,100.2167,10043.3883,54.4500,181165.9310,36.8184,86.5433,0.5619,-0.5110,0.3606,-0.3054,-0.3277,0.1223,-0.7969,24.7894,31.9491,1020.7426,30.2291,31796.0696,8.7195,23.8665,1.3756,-1.0416,0.7035,-0.3959,0.7305,0.3057,0.1113,EF
71.7533,94.6215,8953.1877,42.3500,110442.2062,23.0115,73.0365,0.9716,-0.5828,0.5772,-0.3958,-4.4857,-22.4490,79.3691,59.7497,79.9034,6384.5472,26.2500,60496.4523,11.9560,50.2751,1.6770,-1.3409,0.8026,-0.3560,-29.3390,-10.3170,68.5168,EF
75.5104,97.6798,9541.3169,50.9036,158185.6646,34.5053,84.0281,0.7082,-0.5289,0.4343,-0.2990,-2.9526,-4.0301,6.6952,34.2879,48.1458,2318.0078,26.0000,38534.6144,9.6548,30.8154,1.6163,-1.2914,0.7614,-0.3477,1.4866,0.7576,3.0445,EF
70.4529,90.9201,8266.4599,53.5590,168410.7876,39.0936,85.0100,0.5364,-0.5450,0.3219,-0.3051,0.6980,-0.3189,0.3184,21.9068,28.1957,794.9991,25.0994,27235.1819,7.4590,18.0507,1.4722,-1.1486,0.6893,-0.3383,0.6545,0.3933,0.1506,EF
46.3377,64.7900,4197.2980,42.3635,66019.9233,19.2886,58.6172,1.1261,-0.7036,0.5649,-0.4010,-21.8031,-27.2750,82.8424,40.5050,54.2722,2945.4591,24.6753,40966.7164,9.0455,30.3348,1.6716,-1.4153,0.8744,-0.3617,-32.8378,-10.2177,88.5891,EF
63.0788,86.2954,7446.8948,45.0549,97838.1125,23.4383,70.7646,1.0123,-0.5798,0.5375,-0.3909,-8.5286,-22.5321,61.7409,39.2781,53.4618,2858.1443,29.6867,47975.4826,11.9403,36.8159,1.6023,-1.3887,0.8478,-0.3542,-22.1262,-3.5162,63.1966,EF
61.0817,80.6741,6508.2583,49.8748,116197.2975,31.3126,79.7595,0.8343,-0.4912,0.4935,-0.3469,-1.3364,-0.7917,1.2820,28.2995,38.7116,1498.5813,29.5964,37293.0979,10.6181,28.3649,1.5405,-1.3277,0.8252,-0.3558,-0.4942,-0.8440,1.8870,EF
57.0973,83.0677,6900.2407,40.6983,73297.8505,19.6607,63.4731,1.3294,-0.8767,0.6347,-0.3960,-17.6739,-27.2567,79.8377,58.9175,80.1314,6421.0410,25.5756,60101.0754,12.5188,49.0736,1.7166,-1.4197,0.8058,-0.3390,-40.5368,-11.8650,82.1361,EE
54.8494,79.7757,6364.1216,44.2557,80271.0901,23.5382,68.5657,1.1933,-0.7454,0.6028,-0.4068,-6.5923,-13.7286,27.1793,39.5579,58.2981,3398.6006,27.4725,46211.9750,10.7946,34.7826,1.6306,-1.3478,0.7497,-0.3129,-10.2926,-5.1236,33.5894,EE
37.8129,47.6260,2268.2182,50.0000,75173.3140,29.5852,69.0155,0.7861,-0.5726,0.4591,-0.3464,-1.0590,0.5090,-1.0475,21.9317,28.5393,814.4852,27.7750,27586.5645,7.4203,17.7291,1.4195,-1.0798,0.6997,-0.3791,2.6394,-0.6199,0.2403,EE
31.7281,46.2958,2143.2706,32.5989,38394.3265,13.4269,38.3768,1.4455,-1.0531,0.7233,-0.3629,14.3669,3.6120,-65.6057,48.8139,67.0166,4491.2097,37.1712,70096.1756,17.7259,53.1778,1.2862,-1.0127,0.7580,-0.3328,26.7843,-15.3668,-58.4776,EE
41.7184,55.1179,3037.9815,33.1668,47968.4270,15.3423,49.8751,1.4712,-1.0945,0.7364,-0.3645,4.2091,-0.4409,-7.6862,67.0802,86.3576,7457.6208,38.3773,90052.4802,19.4223,66.4343,1.3372,-1.0377,0.7474,-0.3402,1.6313,-1.5782,-10.4475,EE
33.7488,43.5360,1895.3853,34.9398,44105.1144,17.2275,47.2627,1.3749,-1.0555,0.7238,-0.3722,1.0504,-1.2627,-0.9670,65.7600,85.5705,7322.2500,38.3149,92311.2270,20.0201,64.5760,1.2355,-0.9389,0.6654,-0.3237,2.9518,0.9299,-0.6857,EE
24.5505,32.0740,1028.7215,36.4048,35297.8911,15.2645,36.7254,1.2458,-0.9367,0.6628,-0.3461,2.9417,0.8289,-1.8609,55.7597,74.0212,5479.1367,38.7694,89217.7938,21.4715,62.2623,1.1388,-0.9161,0.6383,-0.3116,2.0910,-1.2193,-2.7658,EE
23.6668,31.0922,966.7255,34.9175,29891.9972,11.7618,29.1291,1.2724,-0.8276,0.5998,-0.3322,-1.0235,-1.5124,-0.5659,53.9024,70.6102,4985.7934,40.2813,90799.8653,25.1759,65.3266,1.1452,-0.9595,0.5955,-0.2931,2.9757,-0.2892,-3.7366,EE
23.8304,31.5623,996.1804,31.3755,26512.7667,9.1411,24.2089,1.3557,-0.8933,0.6671,-0.3567,-0.6984,-0.9534,0.5073,48.5415,63.3178,4009.1427,39.4260,79800.1922,22.2166,58.8413,1.1306,-0.9404,0.6157,-0.3131,0.8069,0.4585,-2.3109,EE
18.3791,27.2793,744.1588,26.9730,24312.3583,8.3958,20.9895,1.4026,-1.0711,0.7104,-0.3638,10.9127,-5.4874,-55.3446,45.4716,61.9226,3834.3986,37.4438,67732.9669,16.9331,48.6513,1.2040,-0.9606,0.6999,-0.3137,28.5283,-22.1412,-62.1797,EE
13.6047,19.0313,362.1822,35.2765,22562.6433,9.7208,17.5972,1.1151,-0.8067,0.6466,-0.3274,12.6279,3.6699,-20.6277,32.8477,43.2312,1868.9330,45.2226,66860.9141,26.9269,54.5546,0.8820,-0.8321,0.5101,-0.3441,6.5854,-12.8656,-29.3993,EE
11.9696,17.7833,316.2442,28.9776,20195.8163,6.8363,14.2715,0.9439,-0.6771,0.5403,-0.3895,15.9237,5.0373,-77.3496,25.9229,33.8350,1144.8034,32.0340,35799.4504,12.3000,26.9000,1.2691,-0.9917,0.7141,-0.3176,42.6952,-17.9975,-64.6287,EE
18.5068,25.3697,643.6213,34.4638,27666.8087,11.0279,25.9980,1.2442,-0.9139,0.6708,-0.3801,18.2607,5.8859,-52.9691,27.7521,36.6545,1343.5483,41.7291,53772.6977,21.6500,45.7000,0.9649,-0.8388,0.5679,-0.3061,27.8383,-17.7504,-50.3312,EE
21.1124,27.6102,762.3191,34.9626,30975.1150,13.6727,30.5888,1.2238,-0.8904,0.6260,-0.3578,1.3059,0.8771,-1.7433,28.2470,36.8479,1357.7543,43.2284,56453.4808,23.9500,48.7000,0.9193,-0.8385,0.5476,-0.3410,-1.3479,-4.5274,-7.3169,EE
21.4263,28.0050,784.2722,33.6668,32004.6813,15.1652,32.6326,1.2644,-1.0099,0.6660,-0.3702,-0.2606,-0.7181,-0.2120,28.2663,36.5656,1337.0418,42.0790,52261.4447,21.8000,44.7500,1.0198,-0.8981,0.6095,-0.3243,1.5251,-0.3594,-2.0039,EE
21.7416,28.3185,801.9349,34.0522,33541.7329,16.2067,35.1731,1.3075,-1.1102,0.7031,-0.3558,-0.6722,-0.5211,-0.1976,26.8574,35.2240,1240.7198,41.5254,49486.3826,20.2494,41.9451,1.0159,-0.8765,0.5866,-0.3150,2.3288,1.5368,-0.5943,EE
18.2703,24.4147,596.0736,30.4391,25549.6759,9.8352,22.8657,1.3125,-0.9876,0.6498,-0.3311,17.8986,2.4972,-71.4521,28.0936,36.4850,1331.1531,36.2406,47694.6218,17.6028,38.2146,1.0460,-0.8698,0.5818,-0.2711,38.2273,-13.3318,-74.8310,EE
24.1396,32.5501,1059.5062,35.4115,30666.1698,11.1776,30.7385,1.2633,-0.8405,0.6977,-0.3876,12.1369,-1.8649,-11.7749,33.7742,44.5272,1982.6654,43.1579,67524.5670,26.3290,54.9147,0.9413,-0.8957,0.5580,-0.3354,7.4388,-0.8176,-23.3978,EE
23.9136,32.6608,1066.7249,35.8821,29640.3403,10.8500,28.4000,1.2612,-0.8293,0.7362,-0.4204,1.8146,-0.9418,-0.6113,45.9605,62.4989,3906.1121,43.8500,91452.1802,27.9140,64.0320,0.9549,-0.9068,0.5518,-0.3338,2.8087,1.9952,-3.4917,EE
22.7487,30.8175,949.7208,31.0206,28722.9321,10.0604,27.6157,1.4060,-1.0571,0.7053,-0.3338,15.3536,17.3686,-77.9647,35.7041,46.8118,2191.3402,36.8527,52028.4512,16.8008,42.8571,1.2937,-1.0636,0.6832,-0.2866,20.3774,-24.2114,-72.0480,EE
25.5928,33.5790,1127.5438,33.6500,33647.3669,12.6563,34.5673,1.3768,-1.0398,0.6895,-0.3239,9.2634,2.7423,-10.9064,46.6200,61.7315,3810.7831,40.1504,80878.1507,24.0722,59.3280,1.1279,-1.0353,0.6499,-0.3305,-2.7771,-4.3860,-15.7524,EE
25.5229,32.4337,1051.9324,36.2232,34917.4773,13.3101,36.3908,1.2855,-0.9498,0.6706,-0.3403,-1.1559,0.4835,-0.2651,52.9279,69.0269,4764.7099,41.7798,96068.0142,25.7545,66.0966,1.0460,-0.9681,0.6139,-0.3475,2.3612,0.5015,-0.7230,EE
24.2195,31.1275,968.9214,34.9278,33433.9152,12.3629,34.0479,1.3018,-0.9775,0.6454,-0.3291,-0.0247,-0.2809,0.2885,45.7109,59.7603,3571.2851,40.2093,76541.4888,21.5852,59.1226,1.1183,-0.9342,0.6249,-0.3116,2.9438,1.2184,0.3504,EE
33.7011,47.7303,2278.1811,35.8538,49680.6977,16.3828,46.4930,1.3463,-1.1045,0.6216,-0.3218,-0.0570,0.3531,-2.0154,40.6165,51.3515,2636.9765,43.1353,64789.3965,20.0300,52.7473,1.0745,-0.8074,0.6124,-0.3293,2.4558,-4.3680,1.2720,PR
39.6386,52.7448,2781.9956,34.5247,42076.2930,19.5994,56.0801,1.3150,-1.1306,0.6202,-0.3412,-0.0265,0.1156,-0.5140,31.9835,41.2717,1703.3477,40.5507,43760.7874,21.1647,47.3388,0.9727,-0.7176,0.5417,-0.3503,0.9885,-0.8515,0.4028,PR
24.8768,32.8648,1080.0768,35.0474,36182.3271,15.5345,36.5634,1.1515,-0.8202,0.5580,-0.3830,35.7266,0.6916,-21.1354,39.4372,52.2814,2733.3398,40.1186,62512.6185,19.4266,49.0855,1.1584,-0.9073,0.6152,-0.3078,-69.2936,-10.7495,-19.3583,PR
18.7821,25.2823,639.1957,34.9524,29654.7441,13.5271,28.9078,1.1766,-0.9127,0.6057,-0.3782,-0.4840,-1.0689,-3.4623,36.9807,49.4786,2448.1354,37.9930,54443.8320,17.5325,44.4555,1.2254,-0.9394,0.6134,-0.3022,2.7991,0.6901,-2.2221,PR
25.9840,34.2506,1173.1050,34.7650,24755.2578,18.0860,42.4980,1.2481,-1.0229,0.5950,-0.3536,-0.0947,-0.0813,-1.0882,39.0340,50.7118,2571.6827,40.9347,39726.8184,20.9677,53.1452,1.1379,-0.9045,0.6590,-0.3556,0.9333,-1.0127,-2.6068,PR
22.9359,29.8593,891.5735,35.4260,31850.1849,12.5125,31.5055,1.2687,-0.9639,0.7220,-0.3521,-51.9333,20.2847,-2.6646,44.4333,61.7177,3809.0749,40.0000,80737.2519,22.8185,56.5196,1.1216,-1.0119,0.6507,-0.3013,85.5731,-16.4359,9.5799,SU
21.8544,27.8561,775.9457,37.2128,30428.7900,12.3438,29.9350,1.2013,-0.8675,0.6905,-0.3329,-4.6607,1.2693,0.2387,55.2141,72.0525,5191.5577,41.2762,97037.4305,25.2369,67.4813,1.1408,-0.9957,0.6401,-0.3091,3.5098,-0.0232,0.2021,SU
20.0343,25.1545,632.7364,35.2148,27065.9988,11.2444,25.6872,1.2524,-0.9092,0.7004,-0.3449,-0.1669,-0.9239,0.4401,49.3628,64.7086,4187.1802,41.0945,84187.1416,23.8925,62.3693,1.1580,-0.9966,0.6319,-0.3202,-1.3493,2.5560,-0.5965,SU
29.6388,39.6159,1569.4178,32.6011,33337.5658,11.0390,33.4665,1.4321,-1.0372,0.7618,-0.3861,-49.1015,17.5671,-2.6722,34.4162,46.7617,2186.6480,40.3970,59168.0233,20.3575,47.3188,1.1398,-0.9537,0.6768,-0.3209,79.3067,-15.8042,11.1503,SU
34.7833,45.2028,2043.2905,29.9098,33211.8817,9.7243,34.8371,1.5477,-1.1552,0.8423,-0.4222,-4.7949,-0.7761,-0.7770,35.9051,46.2235,2136.5870,38.4000,51886.8538,16.9085,43.1716,1.2448,-0.9780,0.7038,-0.3341,5.3805,4.4799,-1.8269,SU
29.8903,39.5935,1567.5816,29.8343,30636.2091,9.1960,31.6080,1.5293,-1.1445,0.8126,-0.4060,-1.3931,0.1354,-0.0278,34.6503,43.7233,1911.7202,34.6633,44019.7607,14.0220,37.1257,1.3430,-0.9990,0.7051,-0.3450,2.7482,1.2730,-0.2356,SU
26.1232,40.3110,1624.9738,32.3986,31115.1189,10.7715,28.9078,1.3823,-0.9451,0.7070,-0.3765,-54.9636,17.7523,-3.0588,37.1533,53.3333,2844.4302,38.9500,64080.9559,18.0090,45.2726,1.1308,-0.9929,0.7236,-0.3415,89.5210,-14.4737,9.8086,SU
26.6567,40.6860,1655.3484,31.6683,29254.8418,8.9455,25.7871,1.4279,-0.9830,0.7347,-0.3946,-8.6208,-0.5434,1.2924,38.5585,53.1236,2822.1111,40.6965,64400.8820,19.9104,49.1787,1.1785,-1.0260,0.7531,-0.3511,3.1310,0.3413,0.2694,SU
16.3399,21.9348,481.1128,30.5694,21522.5766,7.0465,15.8421,1.2777,-0.8723,0.6558,-0.3597,-2.2413,1.1379,0.0558,27.5013,35.3759,1251.4298,39.4527,48494.3546,19.8606,42.2598,1.0684,-0.8875,0.5515,-0.3014,-3.0213,-0.6842,0.1324,SU
32.4767,54.2841,2946.7611,28.3000,47350.6904,11.2556,35.7679,1.4237,-1.2518,0.8289,-0.4100,-5.0467,-0.2424,-0.2329,57.7922,81.9952,6723.2056,30.5959,71144.7850,14.4289,51.8537,1.5065,-1.2027,0.7280,-0.3511,8.3879,60.9778,6.2304,HC
57.5482,74.8952,5609.2809,36.5817,83704.0576,20.6500,68.4000,1.3396,-1.1156,0.7250,-0.3882,-4.4885,0.1385,-0.4220,67.5189,88.8451,7893.4515,33.9519,86319.9372,19.4681,64.3753,1.4639,-1.1725,0.7343,-0.3760,1.4845,1.7830,0.5566,HC
55.6128,71.4420,5103.9589,38.1047,81478.5267,21.5070,68.6128,1.3036,-1.0615,0.6903,-0.3936,-0.7636,0.6803,-0.2138,58.4854,75.4157,5687.5265,35.4084,73592.8192,18.4853,59.0932,1.4803,-1.2164,0.8152,-0.4196,0.7020,-0.3070,-0.5825,HC
51.2590,67.7621,4591.6952,35.5666,48822.0440,17.8317,59.1298,1.3759,-1.1258,0.7339,-0.3900,-3.6434,0.1163,-0.1820,55.3183,71.8145,5157.3159,32.0768,44809.2131,14.6619,53.0249,1.5190,-1.2268,0.8119,-0.4310,9.9043,39.8216,1.9817,HC
52.7557,66.8006,4462.3068,35.2896,48626.4398,20.7883,65.6878,1.3651,-1.1554,0.7335,-0.3979,-0.4517,0.3034,-0.0544,50.5596,64.7774,4196.1101,31.3421,40609.2453,16.3820,54.8137,1.4996,-1.2263,0.8167,-0.4193,0.6754,-0.2098,-0.1814,HC
51.3993,65.9832,4353.7768,35.2618,69639.7285,19.3114,63.1238,1.3537,-1.0718,0.7005,-0.4098,-0.5476,0.2953,-0.1172,51.1786,65.1894,4249.6503,31.6000,60079.4175,15.4077,52.3762,1.5158,-1.2335,0.8456,-0.4473,0.8843,-0.4684,-0.1760,HC
60.0795,77.4081,5992.0009,38.4806,88764.7305,21.5599,69.5479,1.2839,-1.0395,0.6901,-0.3885,-5.0189,0.0640,-0.4203,66.1729,89.7250,8050.5602,33.6500,83894.3897,17.4087,62.3312,1.4953,-1.2346,0.8307,-0.4372,7.3251,41.2040,4.1423,HC
62.6290,78.4084,6147.7657,38.6000,90190.5622,20.9605,72.4862,1.2731,-1.0215,0.6724,-0.4044,-0.8195,0.6486,-0.1265,64.9503,85.2664,7270.3145,34.9500,84545.0113,17.9590,64.9325,1.4398,-1.1606,0.7758,-0.4239,0.8170,-0.7424,0.0716,HC
60.1749,76.4330,5841.9901,37.4248,85799.5790,20.4511,70.7769,1.3129,-1.0663,0.7013,-0.4132,-0.5780,0.4932,-0.1038,63.4298,81.5701,6653.6752,35.2500,79580.3316,16.8584,62.0810,1.4473,-1.1626,0.7830,-0.4228,0.8944,-0.1849,-0.1869,HC
57.5848,74.3057,5521.3396,37.2000,82271.5910,20.1601,68.9845,1.3317,-1.0836,0.6934,-0.3901,-0.4896,0.3668,-0.2370,66.4143,86.5745,7495.1167,34.5309,78463.5725,16.6750,60.7589,1.5471,-1.2730,0.8492,-0.4208,0.8075,-0.2721,-0.1030,HC
48.5692,65.9172,4345.0691,37.4500,80640.1210,22.8614,66.6333,1.2550,-1.1090,0.5534,-0.2897,-3.7385,2.1846,-0.7534,38.8675,49.2950,2429.9880,35.9000,53696.9645,16.6583,48.5243,1.3185,-0.9884,0.6270,-0.3531,1.4269,-20.9947,3.1112,HO
50.9759,68.9541,4754.6648,37.5439,85079.7594,23.0191,67.3019,1.2601,-1.1346,0.5399,-0.2766,-0.4559,0.1661,-0.4171,39.7376,50.3269,2532.7835,36.5538,55009.0744,16.7414,48.3807,1.3189,-1.0072,0.6591,-0.3637,2.7707,-2.9378,-0.2397,HO
44.8744,62.0857,3854.6367,35.9218,72563.9187,20.7519,60.9023,1.2894,-1.1199,0.5403,-0.2795,-0.4043,0.2055,-0.2719,36.2737,46.1630,2131.0242,36.0721,51163.1433,17.7444,47.1679,1.3459,-1.0720,0.7049,-0.3629,1.8923,-0.1849,-0.2198,HO
38.9616,54.6591,2987.6149,35.2204,62878.2922,17.8947,52.5815,1.2287,-1.0250,0.4788,-0.2637,-2.4077,0.9326,-0.7760,38.9874,51.1138,2612.6204,35.6500,49078.8225,14.0070,43.0715,1.3961,-1.0665,0.7520,-0.3945,-3.7028,-25.2010,2.1232,HO
50.2853,66.2976,4395.3640,36.4000,81477.5975,21.6108,66.1831,1.2606,-1.0893,0.5233,-0.2744,-0.9124,0.2332,-0.4196,40.4124,52.3755,2743.1883,36.3954,53959.4211,16.0340,48.2018,1.3493,-1.0279,0.7218,-0.3972,1.4325,-3.3297,0.0076,HO
45.8324,61.6870,3805.2868,35.8679,73967.8495,22.8729,62.9129,1.2884,-1.1410,0.5796,-0.2972,-0.4600,0.3108,-0.2350,36.1110,46.3199,2145.5020,36.8500,49581.1405,15.8079,44.8224,1.2790,-0.9432,0.6742,-0.4036,2.6054,-1.4583,0.2033,HO
41.2805,56.3784,3178.5126,35.4790,67574.3725,20.7688,58.2626,1.2531,-1.0960,0.5391,-0.2946,-2.9206,1.3255,-0.5012,36.4914,46.8641,2196.2455,34.8108,48287.6189,14.3000,43.1988,1.3736,-1.0747,0.7181,-0.3757,0.5491,-32.7101,2.1744,HO
50.0510,67.2921,4528.2166,35.5500,78383.8082,22.2611,64.1321,1.2677,-1.0741,0.5233,-0.2912,-0.3778,0.1641,-0.3897,37.6048,47.5306,2259.1514,35.6000,52474.0920,16.7084,47.5738,1.3177,-1.0300,0.6843,-0.3723,0.3173,-1.6303,0.3812,HO
52.6113,72.0848,5196.2082,35.0701,82057.1533,22.4060,64.6617,1.2967,-1.0993,0.5131,-0.2700,-0.4291,0.1650,-0.2871,36.7158,46.3143,2145.0149,35.2000,51378.2885,16.6083,46.5233,1.3323,-1.0411,0.6874,-0.3717,1.0187,-0.6096,0.3781,HO
43.7485,55.4731,3077.2644,34.4500,66807.7154,20.9105,63.3317,1.4454,-1.3553,0.8068,-0.3934,-2.9608,1.5492,-1.5678,214.3819,273.6808,74901.1771,33.9143,310958.3335,21.7738,90.7823,1.4311,-1.2512,0.6891,-0.3423,-0.5005,-41.8521,-6.2854,WE
40.8117,52.5235,2758.7120,32.7500,60240.2204,19.5098,58.7294,1.4583,-1.3125,0.7559,-0.3536,-0.6395,0.5678,0.1655,187.5877,242.7221,58913.9404,33.7824,269485.8755,21.6675,88.3175,1.4570,-1.2786,0.7161,-0.3357,0.8028,-0.1124,-0.4833,WE
34.2755,44.2029,1953.8869,30.7654,48892.2560,17.6176,50.9510,1.4409,-1.2369,0.7030,-0.3369,-0.7189,0.5331,0.0516,165.5811,214.5294,46022.4281,33.3166,221478.4858,20.7519,85.8145,1.4745,-1.2331,0.6770,-0.3345,0.5420,1.3627,-0.3157,WE
40.6529,55.3999,3069.1496,34.2160,46508.0799,19.8047,56.6248,1.3900,-1.3179,0.7974,-0.4146,-1.5874,1.3129,-1.0958,232.9182,318.6025,101507.2093,33.7989,248178.7208,23.2704,87.8407,1.4457,-1.3280,0.7568,-0.3803,-3.7854,-83.8493,-9.8225,WE
42.3726,54.6201,2983.3494,33.2171,62965.7146,20.5780,61.3353,1.4784,-1.3460,0.7746,-0.3589,-0.8258,0.6385,-0.1508,213.0680,278.2815,77440.5834,31.9721,300809.4792,21.7240,89.3871,1.4768,-1.3127,0.7219,-0.3502,-0.4455,-0.2845,-0.0337,WE
40.2475,52.3312,2738.5543,32.2420,53150.0132,20.0444,58.6341,1.4854,-1.3378,0.7376,-0.3375,-0.7009,0.5652,-0.1469,209.5877,273.7937,74962.9896,31.4507,258162.2676,20.2770,89.8061,1.5585,-1.4029,0.7836,-0.3626,-0.0498,0.1607,0.2261,WE
42.7868,55.2796,3055.8343,34.8826,67896.4706,22.3000,63.1500,1.4078,-1.3210,0.7868,-0.3765,-2.7975,1.8030,-0.6206,216.2850,282.3256,79707.7194,33.8798,318662.5748,22.6143,89.0159,1.4379,-1.2890,0.7404,-0.3793,-7.7448,-47.8518,-3.9824,WE
38.4872,50.2445,2524.5084,33.3833,58530.7397,19.7500,58.8000,1.4366,-1.3122,0.7728,-0.3589,-0.6322,0.6621,-0.2662,202.9353,267.9862,71816.4768,33.1337,289258.7522,22.5662,89.5157,1.4799,-1.3037,0.7059,-0.3471,-0.9947,0.1668,0.2912,WE
31.6370,41.1717,1695.1007,31.9840,47381.0876,19.1000,51.1500,1.4003,-1.2126,0.6753,-0.3347,-0.5751,0.4845,-0.1344,170.4481,228.7997,52349.3090,31.8136,237803.6859,22.4060,87.5689,1.4831,-1.2811,0.6838,-0.3293,0.5937,0.8941,0.3065,WE
237.0756,337.8172,114120.4833,40.9091,427863.2099,26.6867,85.1574,0.9966,-0.8540,0.4606,-0.3372,-8.9085,-3.1819,-1.4285,46.3874,62.7068,3932.1381,40.0298,85721.2409,24.4279,57.9104,1.1516,-1.0809,0.6665,-0.2552,7.3112,87.0506,-10.5460,WF
287.9744,377.3182,142368.9686,43.8370,543772.5746,30.7310,95.3754,0.9600,-0.8326,0.4468,-0.3575,-0.8437,-3.1989,-2.3391,50.3832,65.5011,4290.3772,44.0201,100901.1974,31.0206,69.3313,1.0629,-1.0686,0.6197,-0.2910,3.2734,5.8904,-5.6429,WF
244.0723,316.6387,100260.0754,42.7355,450056.9083,29.9248,93.3835,0.9915,-0.8770,0.5006,-0.3660,-0.9478,0.3577,-0.7058,39.1411,49.7847,2478.5146,44.0080,80982.5531,30.5970,62.1393,0.9696,-1.0147,0.6165,-0.3658,1.5666,-0.3303,0.4020,WF
209.6567,272.9239,74487.4036,42.5628,376559.1266,28.5068,92.4585,1.0348,-0.9208,0.5237,-0.3603,-0.6202,0.3735,-0.5217,31.3867,40.4336,1634.8623,42.1053,63879.5605,26.7803,52.5577,0.9384,-0.9665,0.5825,-0.3523,1.7786,-1.0911,0.9319,WF
168.5443,220.4497,48598.0805,39.6302,294279.3851,27.4000,91.4000,1.0904,-0.9561,0.5178,-0.3492,-0.5940,0.3648,-0.3067,25.6729,33.2875,1108.0481,39.2644,49724.8908,21.8299,43.3118,1.0283,-1.0019,0.6097,-0.3478,2.0240,-1.6425,0.7247,WF
244.6781,322.7263,104152.2674,41.7335,426275.4705,27.3183,92.6817,1.0578,-0.9071,0.5544,-0.4008,-6.3203,-3.5010,-0.5338,65.5925,85.6584,7337.3560,37.1160,81597.9380,16.1130,60.9817,1.4132,-1.1235,0.8822,-0.4306,7.2462,80.7274,-9.4759,WF
244.1818,322.2537,103847.0740,41.4793,441521.4611,29.2000,94.3500,1.0341,-0.8979,0.5265,-0.3808,-0.5867,0.4775,-0.5081,74.8240,94.9688,9019.0035,38.3192,93297.9590,19.1692,68.9690,1.4192,-1.1399,0.9119,-0.4500,0.7198,1.6825,-0.7731,WF
187.2826,251.9554,63481.4570,41.3828,334757.8394,28.8722,91.7293,1.0870,-0.9791,0.5691,-0.3894,-0.0653,0.2283,-0.5270,69.5429,89.3513,7983.6517,37.5688,82835.2844,18.1682,65.4655,1.4640,-1.1690,0.9151,-0.4664,2.0725,-0.5697,-0.3407,WF
149.5090,198.0943,39241.3491,41.4307,257434.7896,27.0378,88.6183,1.1027,-0.9366,0.5282,-0.3550,-0.0534,0.3089,-0.1639,60.8680,77.8724,6064.1076,35.7428,71302.5339,16.2095,60.7980,1.4437,-1.0982,0.8261,-0.4437,1.0570,0.3297,-0.1758,WF
137.0737,185.9609,34581.4377,40.6079,226998.0069,25.0249,85.8923,1.1093,-0.8813,0.4807,-0.3181,-0.1254,0.3838,-0.0982,56.8018,73.0304,5333.4373,35.5611,65910.3524,15.7186,56.7864,1.4480,-1.0996,0.8122,-0.4145,1.7885,0.5410,0.3691,WF
207.8308,281.8351,79431.0395,41.9177,371865.3435,28.6791,91.3611,1.0682,-0.9469,0.5478,-0.3782,-6.5747,-5.0557,-0.8732,39.0578,50.7668,2577.2598,42.5628,68896.7279,25.4902,57.9186,1.1812,-1.0508,0.7442,-0.3152,7.9990,72.2899,-13.0176,WF
184.0760,249.1001,62050.7284,43.5065,336570.8869,29.4353,91.1044,1.0275,-0.8932,0.4993,-0.3541,-0.7436,0.0965,-0.5625,33.1313,42.7030,1823.5334,42.5649,62924.0216,25.1623,52.2716,1.0461,-0.9695,0.6309,-0.3054,2.2067,1.7598,-0.5477,WF
149.8317,199.0118,39605.6283,42.5224,263644.8678,26.8828,89.4763,1.0792,-0.9142,0.5285,-0.3744,-0.8538,0.3149,-0.4373,29.8588,37.9847,1442.8395,41.7209,53416.0759,21.8218,47.3473,1.0631,-0.8903,0.6355,-0.3152,1.1661,0.2264,0.0766,WF
158.3404,207.4775,43046.9163,39.9599,268896.7388,25.5010,89.1784,1.1310,-0.9639,0.5447,-0.3666,-0.9915,0.2711,-0.2383,31.9025,40.5852,1647.1347,42.9142,55994.3099,22.3665,50.0749,1.1073,-0.9219,0.6803,-0.3340,1.2951,-0.4287,-0.1444,WF
49.7951,72.3483,5234.2615,40.1102,68438.3417,19.5892,57.9659,1.0273,-0.4901,0.4939,-0.4192,-11.4074,-28.8783,70.8558,56.0916,72.5536,5264.0144,28.2728,56401.4133,12.1514,46.0159,1.6508,-1.3546,0.8836,-0.4365,-43.0696,4.0491,67.6296,EF
81.2835,111.1088,12345.1026,47.3108,136475.4952,26.4574,78.1266,0.9125,-0.4933,0.4946,-0.3602,-3.0262,-11.4359,30.7783,50.7950,67.1170,4504.6631,30.7692,60635.8116,14.1013,50.3972,1.5899,-1.3391,0.8531,-0.4080,-11.7600,-5.7911,25.0463,EF
89.1998,114.5251,13115.9716,51.5227,176770.5231,32.0180,85.3646,0.7692,-0.4871,0.4652,-0.3220,-0.2098,-1.3190,4.0188,40.3363,53.9770,2913.4657,31.7365,53687.5693,15.8263,47.3789,1.4802,-1.2333,0.7890,-0.3984,-0.5257,-0.8359,3.4360,EF
81.5684,103.0819,10625.8719,52.6369,179839.9183,35.8291,85.4271,0.6378,-0.5179,0.4381,-0.3272,-0.4163,-0.0732,-0.2060,32.4998,41.4922,1721.5867,31.4815,43812.8021,15.4732,40.1102,1.3617,-1.0699,0.7107,-0.4076,1.4383,-0.1116,0.4900,EF
78.6627,100.8739,10175.4981,53.5964,180436.5981,37.7311,85.6072,0.6132,-0.5019,0.4300,-0.3032,-0.0622,0.1099,0.1543,28.1228,36.1338,1305.6547,33.0165,37672.3056,13.5135,31.8819,1.3105,-0.9755,0.6756,-0.3976,0.9337,0.2799,0.5930,EF
66.4407,96.9849,9406.0434,40.1093,88946.1476,16.7081,58.4286,1.0938,-0.5783,0.5273,-0.3949,-1.1566,-29.2385,74.6414,45.1666,60.8022,3696.8895,26.6767,51576.4475,11.5173,41.4622,1.6882,-1.5027,0.9219,-0.3782,-43.4396,4.7298,69.4164,EF
57.3820,73.7381,5437.3134,51.6315,83139.2500,28.2330,75.7362,0.8496,-0.5349,0.5165,-0.3582,-0.3937,1.9570,-0.0757,28.3482,36.6433,1342.6819,31.0983,29782.7638,11.8211,31.6933,1.4007,-1.1164,0.7082,-0.3537,1.2138,-1.1991,-0.6519,EF
66.2457,84.6472,7165.1409,53.7849,155068.7020,37.4689,85.5007,0.6000,-0.5088,0.4170,-0.2981,-1.3023,-1.9886,-0.5972,30.4984,39.9635,1597.0663,33.3832,43397.6036,14.8056,38.0359,1.1725,-0.8283,0.5807,-0.3897,1.3220,1.2585,0.5578,EF
66.3048,84.3459,7114.2228,53.7037,157326.7811,38.0571,85.9289,0.5781,-0.5479,0.3923,-0.3104,-0.5464,0.1542,-1.1636,27.0403,35.5766,1265.6897,33.2168,40904.0560,14.4428,34.6827,1.1153,-0.8217,0.5749,-0.3815,1.4992,0.3459,-0.0002,EF
65.1800,82.8256,6860.0737,53.3200,154274.4207,37.8122,85.3646,0.5682,-0.5282,0.3943,-0.3082,-1.3978,0.1265,-0.9816,26.6417,33.5740,1127.2134,32.8650,39484.8658,14.3072,33.5341,1.2744,-1.0410,0.6979,-0.3799,2.3320,0.2660,0.3107,EF
